,satisfaction_level,last_evaluation,number_project,average_montly_hours,time_spend_company,Work_accident,left,promotion_last_5years,sales,salary,department,risk_zone
862,0.41,0.47,2,154,3,0,1,0,7,0,7,High-Risk (Red)
542,0.77,0.91,5,236,5,0,1,0,5,1,5,High-Risk (Red)
14768,0.43,0.57,2,157,3,0,1,0,7,0,7,High-Risk (Red)
1889,0.11,0.95,6,279,4,0,1,0,9,0,9,High-Risk (Red)
169,0.45,0.57,2,158,3,0,1,0,7,0,7,High-Risk (Red)
1795,0.85,0.96,4,217,5,0,1,0,9,0,9,High-Risk (Red)
14303,0.42,0.48,2,143,3,0,1,0,7,0,7,High-Risk (Red)
1039,0.82,1.0,4,273,6,0,1,0,8,1,8,High-Risk (Red)
12036,0.38,0.46,2,137,3,0,1,0,9,0,9,High-Risk (Red)
764,0.83,0.99,4,223,5,0,1,0,2,1,2,High-Risk (Red)
1593,0.1,0.87,6,307,4,0,1,0,6,2,6,High-Risk (Red)
149,0.39,0.5,2,147,3,0,1,0,5,0,5,High-Risk (Red)
387,0.1,0.97,6,247,4,0,1,0,4,1,4,High-Risk (Red)
12374,0.86,0.84,5,254,5,0,1,0,6,1,6,High-Risk (Red)
1373,0.37,0.53,2,147,3,0,1,0,1,0,1,High-Risk (Red)
14866,0.77,1.0,4,232,5,0,1,0,9,1,9,High-Risk (Red)
251,0.79,0.92,5,254,6,0,1,0,7,0,7,High-Risk (Red)
932,0.42,0.52,2,151,3,0,1,0,7,1,7,High-Risk (Red)
14602,0.45,0.55,2,148,3,0,1,0,7,0,7,High-Risk (Red)
12518,0.44,0.54,2,151,3,0,1,0,4,0,4,High-Risk (Red)
14614,0.92,0.93,5,240,5,0,1,0,7,0,7,High-Risk (Red)
14689,0.76,0.83,5,227,5,0,1,0,7,0,7,High-Risk (Red)
14420,0.38,0.52,2,153,3,0,1,0,8,0,8,High-Risk (Red)
12294,0.1,0.93,6,253,4,0,1,0,0,1,0,High-Risk (Red)
14598,0.1,0.97,6,247,4,0,1,0,4,1,4,High-Risk (Red)
12593,0.37,0.54,2,132,3,0,1,0,9,0,9,High-Risk (Red)
14564,0.43,0.57,2,135,3,0,1,0,8,0,8,High-Risk (Red)
1489,0.4,0.46,2,160,3,0,1,0,9,0,9,High-Risk (Red)
1402,0.84,0.86,5,240,5,0,1,0,2,1,2,High-Risk (Red)
1006,0.4,0.47,2,151,3,0,1,0,7,1,7,High-Risk (Red)
12071,0.09,0.77,5,275,4,0,1,0,6,1,6,High-Risk (Red)
12286,0.11,0.83,6,306,4,0,1,0,8,0,8,High-Risk (Red)
290,0.4,0.46,2,128,3,0,1,0,4,0,4,High-Risk (Red)
88,0.37,0.57,2,130,3,0,1,0,7,0,7,High-Risk (Red)
14920,0.87,0.91,5,228,5,0,1,0,8,0,8,High-Risk (Red)
14335,0.46,0.49,2,138,3,0,1,0,8,0,8,High-Risk (Red)
12585,0.4,0.51,2,139,3,0,1,0,8,0,8,High-Risk (Red)
1056,0.45,0.56,2,143,3,0,1,0,6,0,6,High-Risk (Red)
903,0.43,0.47,2,128,3,0,1,0,0,0,0,High-Risk (Red)
1611,0.09,0.92,7,301,4,0,1,0,5,0,5,High-Risk (Red)
736,0.81,0.91,4,229,5,0,1,0,8,0,8,High-Risk (Red)
14331,0.14,0.62,4,158,4,1,1,0,9,0,9,High-Risk (Red)
12503,0.43,0.51,2,155,3,0,1,0,9,1,9,High-Risk (Red)
1418,0.1,0.95,7,296,4,0,1,0,9,0,9,High-Risk (Red)
1010,0.43,0.53,2,152,3,0,1,0,7,1,7,High-Risk (Red)
14952,0.44,0.52,2,149,3,0,1,0,5,0,5,High-Risk (Red)
12702,0.45,0.5,2,147,3,0,1,0,7,0,7,High-Risk (Red)
14354,0.37,0.47,2,152,3,0,1,0,6,0,6,High-Risk (Red)
14836,0.78,0.98,5,263,6,0,1,0,7,0,7,High-Risk (Red)
14568,0.37,0.54,2,149,3,0,1,0,8,0,8,High-Risk (Red)
12064,0.11,0.94,6,286,4,0,1,0,0,1,0,High-Risk (Red)
1385,0.4,0.46,2,146,3,0,1,0,7,0,7,High-Risk (Red)
735,0.83,0.99,5,258,5,0,1,0,8,2,8,High-Risk (Red)
884,0.38,0.5,2,153,3,0,1,0,8,1,8,High-Risk (Red)
14353,0.11,0.8,6,256,4,0,1,0,0,0,0,High-Risk (Red)
12391,0.45,0.55,2,148,3,0,1,0,7,0,7,High-Risk (Red)
1522,0.1,0.82,7,265,4,0,1,0,1,0,1,High-Risk (Red)
1962,0.37,0.52,2,158,3,0,1,0,8,0,8,High-Risk (Red)
14989,0.43,0.57,2,159,3,1,1,0,9,0,9,High-Risk (Red)
14479,0.38,0.56,2,156,3,0,1,0,9,0,9,High-Risk (Red)
14427,0.36,0.48,2,158,3,0,1,0,0,0,0,High-Risk (Red)
1346,0.73,0.95,4,223,6,0,1,0,8,0,8,High-Risk (Red)
1121,0.38,0.47,2,147,3,0,1,0,8,1,8,High-Risk (Red)
1533,0.44,0.53,2,146,3,0,1,0,5,0,5,High-Risk (Red)
12395,0.45,0.46,2,128,3,0,1,0,7,0,7,High-Risk (Red)
12044,0.09,0.89,6,276,4,0,1,0,9,0,9,High-Risk (Red)
1632,0.42,0.5,2,128,3,0,1,0,2,2,2,High-Risk (Red)
14660,0.81,0.92,5,239,5,0,1,0,6,0,6,High-Risk (Red)
12159,0.45,0.45,2,132,3,0,1,0,5,0,5,High-Risk (Red)
99,0.9,1.0,5,221,6,0,1,0,7,1,7,High-Risk (Red)
12544,0.43,0.49,2,135,3,0,1,0,7,1,7,High-Risk (Red)
14314,0.09,0.94,7,267,4,0,1,0,7,1,7,High-Risk (Red)
1035,0.1,0.95,6,256,4,0,1,0,9,1,9,High-Risk (Red)
1744,0.4,0.48,2,161,3,0,1,0,0,1,0,High-Risk (Red)
1586,0.76,0.85,5,236,6,0,1,0,9,1,9,High-Risk (Red)
286,0.11,0.83,6,306,4,0,1,0,8,0,8,High-Risk (Red)
12061,0.11,0.93,7,308,4,0,1,0,0,1,0,High-Risk (Red)
1623,0.39,0.53,2,153,3,0,1,0,7,1,7,High-Risk (Red)
12411,0.84,0.99,4,262,6,0,1,0,2,1,2,High-Risk (Red)
566,0.11,0.79,7,310,4,0,1,0,3,0,3,High-Risk (Red)
914,0.89,0.87,5,275,6,0,1,0,5,0,5,High-Risk (Red)
12727,0.43,0.57,2,160,3,0,1,0,9,1,9,High-Risk (Red)
1398,0.39,0.55,2,156,3,0,1,0,7,2,7,High-Risk (Red)
1530,0.83,0.98,4,249,5,0,1,0,8,0,8,High-Risk (Red)
1624,0.89,1.0,4,217,5,0,1,0,7,1,7,High-Risk (Red)
487,0.19,1.0,4,192,4,0,1,0,2,0,2,High-Risk (Red)
379,0.77,0.93,4,231,5,0,1,0,3,1,3,High-Risk (Red)
357,0.37,0.54,2,149,3,0,1,0,8,0,8,High-Risk (Red)
47,0.57,0.7,3,273,6,0,1,0,8,0,8,High-Risk (Red)
708,0.11,0.87,6,255,4,0,1,0,7,0,7,High-Risk (Red)
836,0.43,0.56,2,133,3,0,1,0,1,0,1,High-Risk (Red)
12461,0.43,0.5,2,137,3,0,1,0,8,1,8,High-Risk (Red)
12586,0.46,0.57,2,152,3,0,1,0,8,0,8,High-Risk (Red)
12133,0.44,0.51,2,138,3,0,1,0,8,0,8,High-Risk (Red)
1254,0.38,0.49,2,144,3,0,1,0,3,0,3,High-Risk (Red)
1475,0.44,0.47,2,156,3,1,1,0,7,1,7,High-Risk (Red)
14381,0.81,0.99,4,259,5,0,1,0,7,0,7,High-Risk (Red)
14341,0.1,0.83,6,292,4,0,1,0,8,0,8,High-Risk (Red)
304,0.89,0.87,5,255,5,0,1,0,1,1,1,High-Risk (Red)
14371,0.1,0.95,7,301,4,0,1,0,5,0,5,High-Risk (Red)
12153,0.4,0.52,2,155,3,0,1,0,5,0,5,High-Risk (Red)
1393,0.82,0.93,4,246,5,0,1,0,7,1,7,High-Risk (Red)
1270,0.38,0.57,2,131,3,0,1,0,8,1,8,High-Risk (Red)
12105,0.24,0.46,7,224,5,0,1,0,2,1,2,High-Risk (Red)
12564,0.41,0.53,2,157,3,0,1,0,2,0,2,High-Risk (Red)
12162,0.45,0.51,2,147,3,0,1,0,7,0,7,High-Risk (Red)
1139,0.42,0.46,2,132,3,0,1,0,7,0,7,High-Risk (Red)
12463,0.8,0.85,4,273,5,0,1,0,4,0,4,High-Risk (Red)
14397,0.09,0.85,6,297,4,0,1,0,3,1,3,High-Risk (Red)
1261,0.44,0.56,2,145,3,0,1,0,9,0,9,High-Risk (Red)
14478,0.45,0.53,2,129,3,0,1,0,9,2,9,High-Risk (Red)
476,0.11,0.87,5,271,4,0,1,0,7,0,7,High-Risk (Red)
14941,0.43,0.49,2,131,3,0,1,0,1,2,1,High-Risk (Red)
339,0.1,0.91,6,246,4,0,1,0,3,1,3,High-Risk (Red)
1683,0.44,0.54,2,135,3,0,1,0,8,0,8,High-Risk (Red)
794,0.11,0.79,7,295,4,0,1,0,3,0,3,High-Risk (Red)
1034,0.1,0.86,6,266,4,1,1,0,9,0,9,High-Risk (Red)
1534,0.1,0.94,6,297,5,0,1,0,5,0,5,High-Risk (Red)
14832,0.1,0.86,6,247,4,0,1,0,7,1,7,High-Risk (Red)
1493,0.38,0.45,2,151,3,0,1,0,9,0,9,High-Risk (Red)
434,0.1,0.84,6,309,4,0,1,0,8,0,8,High-Risk (Red)
925,0.11,0.8,7,243,4,0,1,0,7,1,7,High-Risk (Red)
1053,0.09,0.78,6,244,4,0,1,0,0,0,0,High-Risk (Red)
12417,0.11,0.9,6,264,4,0,1,0,9,1,9,High-Risk (Red)
1022,0.36,0.48,2,145,3,0,1,0,3,0,3,High-Risk (Red)
14700,0.76,0.88,4,206,4,0,1,0,3,1,3,High-Risk (Red)
468,0.9,0.92,5,245,5,0,1,0,7,0,7,High-Risk (Red)
7443,0.85,0.96,4,240,6,0,0,0,9,1,9,High-Risk (Red)
14411,0.9,0.82,5,259,5,0,1,0,8,0,8,High-Risk (Red)
14290,0.39,0.56,2,142,3,0,1,0,2,0,2,High-Risk (Red)
12599,0.11,0.92,7,307,4,0,1,0,0,0,0,High-Risk (Red)
518,0.44,0.54,2,151,3,0,1,0,4,0,4,High-Risk (Red)
439,0.41,0.52,2,136,3,0,1,0,9,0,9,High-Risk (Red)
12023,0.46,0.57,2,139,3,0,1,0,7,0,7,High-Risk (Red)
12082,0.79,0.59,4,139,3,0,1,1,4,0,4,High-Risk (Red)
27,0.4,0.49,2,135,3,0,1,0,7,0,7,High-Risk (Red)
902,0.36,0.55,2,152,3,0,1,0,0,0,0,High-Risk (Red)
14752,0.81,0.87,4,254,5,0,1,0,5,0,5,High-Risk (Red)
12250,0.79,0.87,5,261,5,0,1,0,7,0,7,High-Risk (Red)
12131,0.38,0.57,2,140,3,0,1,0,8,0,8,High-Risk (Red)
14718,0.39,0.54,2,158,3,0,1,0,8,0,8,High-Risk (Red)
14270,0.85,1.0,4,225,5,0,1,0,9,0,9,High-Risk (Red)
12545,0.78,1.0,5,236,5,0,1,0,7,1,7,High-Risk (Red)
123,0.11,0.84,6,300,5,1,1,0,8,0,8,High-Risk (Red)
14965,0.45,0.46,2,149,3,0,1,0,7,0,7,High-Risk (Red)
273,0.09,0.96,6,296,4,0,1,0,9,0,9,High-Risk (Red)
19,0.76,0.89,5,262,5,0,1,0,7,0,7,High-Risk (Red)
14997,0.11,0.96,6,280,4,0,1,0,8,0,8,High-Risk (Red)
1803,0.44,0.48,2,155,3,0,1,0,8,0,8,High-Risk (Red)
907,0.09,0.86,6,291,4,0,1,0,6,0,6,High-Risk (Red)
12782,0.72,1.0,4,245,5,0,1,0,7,0,7,High-Risk (Red)
14762,0.75,0.99,5,254,5,0,1,0,7,0,7,High-Risk (Red)
1247,0.09,0.94,7,247,4,0,1,0,7,1,7,High-Risk (Red)
14389,0.37,0.51,2,127,3,0,1,0,7,1,7,High-Risk (Red)
608,0.45,0.49,2,134,3,0,1,0,1,1,1,High-Risk (Red)
12470,0.1,0.85,6,260,4,0,1,0,7,0,7,High-Risk (Red)
14241,0.09,0.62,6,294,4,0,1,0,2,0,2,High-Risk (Red)
218,0.43,0.53,2,131,3,0,1,0,0,0,0,High-Risk (Red)
327,0.88,0.99,5,262,6,0,1,0,7,0,7,High-Risk (Red)
1769,0.4,0.47,2,144,3,1,1,0,7,0,7,High-Risk (Red)
1123,0.1,0.9,7,301,4,0,1,0,9,1,9,High-Risk (Red)
12579,0.39,0.55,2,159,3,0,1,0,9,2,9,High-Risk (Red)
1323,0.37,0.52,2,144,3,0,1,0,7,1,7,High-Risk (Red)
188,0.37,0.55,2,152,3,0,1,0,9,1,9,High-Risk (Red)
12203,0.1,0.93,6,256,4,0,1,0,8,0,8,High-Risk (Red)
12107,0.44,0.5,2,148,3,0,1,0,2,1,2,High-Risk (Red)
12379,0.77,0.93,4,231,5,0,1,0,3,1,3,High-Risk (Red)
373,0.36,0.57,2,142,3,0,1,0,6,1,6,High-Risk (Red)
12542,0.77,0.91,5,236,5,0,1,0,5,1,5,High-Risk (Red)
12561,0.37,0.53,2,131,3,0,1,0,7,0,7,High-Risk (Red)
1087,0.73,0.92,4,273,5,0,1,0,7,0,7,High-Risk (Red)
14323,0.43,0.52,2,160,3,0,1,0,9,0,9,High-Risk (Red)
1547,0.09,0.83,6,250,4,0,1,0,7,1,7,High-Risk (Red)
1225,0.39,0.46,2,127,3,0,1,0,4,0,4,High-Risk (Red)
1720,0.91,1.0,4,251,6,0,1,0,9,0,9,High-Risk (Red)
12081,0.38,0.49,2,151,3,0,1,0,9,0,9,High-Risk (Red)
12639,0.43,0.48,2,153,3,0,1,0,2,0,2,High-Risk (Red)
385,0.75,0.9,5,256,5,0,1,0,8,0,8,High-Risk (Red)
311,0.11,0.95,7,300,4,0,1,0,4,1,4,High-Risk (Red)
12400,0.91,1.0,5,251,6,0,1,0,7,0,7,High-Risk (Red)
150,0.11,0.91,6,278,4,0,1,0,5,0,5,High-Risk (Red)
14467,0.11,0.81,6,266,4,1,1,0,7,1,7,High-Risk (Red)
12571,0.73,1.0,4,252,5,0,1,0,9,1,9,High-Risk (Red)
1953,0.43,0.57,2,159,3,1,1,0,9,0,9,High-Risk (Red)
353,0.43,0.57,2,135,3,0,1,0,8,0,8,High-Risk (Red)
1714,0.41,0.56,2,133,3,0,1,0,3,1,3,High-Risk (Red)
12560,0.09,0.86,6,279,4,0,1,0,7,0,7,High-Risk (Red)
14732,0.74,0.99,4,233,5,0,1,0,0,0,0,High-Risk (Red)
12382,0.45,0.48,2,144,3,0,1,0,5,1,5,High-Risk (Red)
14,0.36,0.56,2,137,3,0,1,0,7,0,7,High-Risk (Red)
533,0.43,0.51,2,136,3,0,1,0,3,1,3,High-Risk (Red)
1743,0.37,0.46,2,127,3,0,1,0,0,1,0,High-Risk (Red)
14576,0.91,0.87,4,235,5,0,1,0,9,0,9,High-Risk (Red)
568,0.44,0.51,2,134,3,0,1,0,3,1,3,High-Risk (Red)
31,0.45,0.57,2,134,3,0,1,0,3,0,3,High-Risk (Red)
121,0.4,0.46,2,135,3,0,1,0,9,0,9,High-Risk (Red)
1470,0.45,0.51,2,155,3,1,1,0,7,1,7,High-Risk (Red)
12628,0.72,0.85,5,244,6,0,1,0,7,0,7,High-Risk (Red)
12435,0.41,0.47,2,135,3,0,1,0,8,0,8,High-Risk (Red)
14761,0.11,0.96,6,298,4,0,1,0,7,0,7,High-Risk (Red)
360,0.1,0.87,6,290,4,0,1,0,8,0,8,High-Risk (Red)
79,0.39,0.56,2,142,3,0,1,0,2,0,2,High-Risk (Red)
410,0.28,0.45,6,218,4,0,1,0,2,0,2,High-Risk (Red)
1747,0.39,0.48,2,159,3,0,1,0,6,1,6,High-Risk (Red)
101,0.36,0.52,2,147,3,0,1,0,7,1,7,High-Risk (Red)
280,0.1,0.98,6,268,4,0,1,0,8,0,8,High-Risk (Red)
12273,0.09,0.96,6,296,4,0,1,0,9,0,9,High-Risk (Red)
14528,0.37,0.46,2,153,3,0,1,0,7,0,7,High-Risk (Red)
1226,0.4,0.48,2,142,3,0,1,0,5,0,5,High-Risk (Red)
1722,0.81,0.93,5,265,6,0,1,0,9,0,9,High-Risk (Red)
12077,0.4,0.54,2,137,3,0,1,0,5,1,5,High-Risk (Red)
3780,0.86,0.96,5,238,5,0,0,0,9,0,9,High-Risk (Red)
1869,0.11,0.77,6,247,4,0,1,0,9,1,9,High-Risk (Red)
102,0.42,0.46,2,150,3,0,1,0,7,1,7,High-Risk (Red)
1730,0.44,0.55,2,141,3,0,1,0,8,0,8,High-Risk (Red)
455,0.44,0.53,2,127,3,0,1,0,1,1,1,High-Risk (Red)
14887,0.46,0.53,2,147,3,0,1,0,7,0,7,High-Risk (Red)
14441,0.42,0.47,2,159,3,0,1,0,5,0,5,High-Risk (Red)
1213,0.38,0.55,2,134,3,0,1,0,0,0,0,High-Risk (Red)
12712,0.84,0.98,5,270,5,0,1,0,7,0,7,High-Risk (Red)
173,0.1,0.88,6,284,4,0,1,0,7,0,7,High-Risk (Red)
399,0.1,0.87,6,250,4,0,1,0,7,0,7,High-Risk (Red)
749,0.86,0.84,4,246,6,0,1,0,0,0,0,High-Risk (Red)
1766,0.44,0.56,2,141,3,0,1,0,7,0,7,High-Risk (Red)
12681,0.4,0.49,2,128,3,0,1,0,7,0,7,High-Risk (Red)
14746,0.37,0.56,2,156,3,0,1,0,7,1,7,High-Risk (Red)
14436,0.9,0.97,4,258,5,0,1,0,2,0,2,High-Risk (Red)
14620,0.82,0.98,4,233,5,0,1,0,7,0,7,High-Risk (Red)
14701,0.53,0.56,4,281,6,0,1,0,3,1,3,High-Risk (Red)
12271,0.11,0.84,6,251,4,0,1,0,9,1,9,High-Risk (Red)
1650,0.77,0.98,4,238,6,0,1,0,8,0,8,High-Risk (Red)
12370,0.37,0.45,2,142,3,0,1,0,0,0,0,High-Risk (Red)
624,0.38,0.5,2,140,3,0,1,0,7,0,7,High-Risk (Red)
14551,0.09,0.89,7,308,5,0,1,0,3,1,3,High-Risk (Red)
8,0.89,1.0,5,224,5,0,1,0,7,0,7,High-Risk (Red)
450,0.81,0.9,4,226,5,0,1,0,6,1,6,High-Risk (Red)
181,0.1,0.84,6,261,4,0,1,0,2,1,2,High-Risk (Red)
12548,0.85,0.82,4,270,5,0,1,0,7,0,7,High-Risk (Red)
1320,0.1,0.86,6,306,4,0,1,0,7,2,7,High-Risk (Red)
284,0.38,0.47,2,144,3,0,1,0,8,0,8,High-Risk (Red)
14650,0.41,0.52,2,136,3,0,1,0,9,0,9,High-Risk (Red)
14594,0.38,0.51,2,159,3,0,1,0,7,1,7,High-Risk (Red)
326,0.37,0.52,2,157,3,0,1,0,7,0,7,High-Risk (Red)
1491,0.39,0.56,2,133,3,0,1,0,9,0,9,High-Risk (Red)
12488,0.1,0.83,7,276,4,0,1,0,2,0,2,High-Risk (Red)
12649,0.46,0.5,2,156,3,0,1,0,9,1,9,High-Risk (Red)
12266,0.11,0.95,6,286,4,0,1,0,9,1,9,High-Risk (Red)
1911,0.91,0.98,4,242,6,0,1,0,8,0,8,High-Risk (Red)
1935,0.39,0.45,2,140,3,0,1,0,7,1,7,High-Risk (Red)
977,0.11,0.87,5,303,4,0,1,0,0,0,0,High-Risk (Red)
14816,0.86,0.92,5,252,5,0,1,0,1,0,1,High-Risk (Red)
12171,0.41,0.46,2,160,3,0,1,1,7,0,7,High-Risk (Red)
12557,0.43,0.57,2,157,3,0,1,0,7,0,7,High-Risk (Red)
12192,0.74,0.91,4,232,5,0,1,0,9,1,9,High-Risk (Red)
12367,0.4,0.56,2,131,3,0,1,0,0,0,0,High-Risk (Red)
14800,0.39,0.54,2,155,3,0,1,0,8,0,8,High-Risk (Red)
1433,0.41,0.48,2,136,3,0,1,0,9,1,9,High-Risk (Red)
14438,0.44,0.54,2,149,3,0,1,0,3,0,3,High-Risk (Red)
12747,0.43,0.51,2,130,3,0,1,0,0,0,0,High-Risk (Red)
1217,0.76,0.95,4,259,5,0,1,0,1,0,1,High-Risk (Red)
1310,0.77,0.89,4,270,5,0,1,0,7,1,7,High-Risk (Red)
14538,0.88,0.99,5,262,6,0,1,0,7,0,7,High-Risk (Red)
177,0.38,0.5,2,140,3,0,1,0,7,1,7,High-Risk (Red)
457,0.77,1.0,4,255,5,0,1,0,1,1,1,High-Risk (Red)
1697,0.1,0.87,7,299,4,0,1,0,7,0,7,High-Risk (Red)
63,0.36,0.56,2,132,3,0,1,0,0,1,0,High-Risk (Red)
12479,0.11,0.96,7,277,5,0,1,0,7,0,7,High-Risk (Red)
12667,0.91,0.97,4,274,6,0,1,0,9,0,9,High-Risk (Red)
1684,0.38,0.49,2,128,3,0,1,0,9,0,9,High-Risk (Red)
795,0.43,0.54,2,150,3,0,1,0,3,0,3,High-Risk (Red)
14556,0.1,0.86,6,278,4,0,1,0,9,2,9,High-Risk (Red)
633,0.38,0.56,2,154,3,0,1,0,7,0,7,High-Risk (Red)
563,0.1,0.77,7,291,4,0,1,0,2,0,2,High-Risk (Red)
14760,0.41,0.47,2,138,3,0,1,0,7,0,7,High-Risk (Red)
12304,0.89,0.87,5,255,5,0,1,0,1,1,1,High-Risk (Red)
12321,0.82,0.84,5,244,5,0,1,0,7,0,7,High-Risk (Red)
12501,0.66,0.57,5,161,5,0,1,0,9,2,9,High-Risk (Red)
14694,0.42,0.54,2,143,3,1,1,0,7,0,7,High-Risk (Red)
407,0.09,0.94,6,257,4,0,1,0,7,0,7,High-Risk (Red)
12024,0.4,0.53,2,158,3,0,1,0,7,0,7,High-Risk (Red)
1078,0.46,0.53,2,128,3,0,1,0,7,1,7,High-Risk (Red)
747,0.43,0.51,2,130,3,0,1,0,0,0,0,High-Risk (Red)
14635,0.45,0.46,2,130,3,0,1,0,9,0,9,High-Risk (Red)
14315,0.43,0.52,2,158,3,0,1,0,7,1,7,High-Risk (Red)
590,0.38,0.55,2,148,3,0,1,0,8,0,8,High-Risk (Red)
1944,0.76,0.89,5,238,5,0,1,0,9,2,9,High-Risk (Red)
12301,0.12,1.0,3,278,4,0,1,0,1,1,1,High-Risk (Red)
473,0.42,0.56,2,149,3,0,1,0,7,0,7,High-Risk (Red)
12754,0.66,0.93,5,253,5,0,1,0,6,0,6,High-Risk (Red)
12640,0.37,0.52,2,128,3,0,1,0,2,0,2,High-Risk (Red)
586,0.46,0.57,2,152,3,0,1,0,8,0,8,High-Risk (Red)
14377,0.43,0.55,2,129,3,0,1,0,7,0,7,High-Risk (Red)
1844,0.37,0.51,2,154,3,1,1,0,7,0,7,High-Risk (Red)
993,0.84,0.88,4,269,5,0,1,0,8,0,8,High-Risk (Red)
1921,0.82,0.94,5,236,5,0,1,0,7,0,7,High-Risk (Red)
12269,0.38,0.86,6,139,6,0,1,0,9,1,9,High-Risk (Red)
811,0.09,0.97,7,288,4,0,1,0,8,1,8,High-Risk (Red)
14978,0.4,0.47,2,144,3,0,1,0,3,1,3,High-Risk (Red)
14777,0.11,0.79,7,310,4,0,1,0,3,0,3,High-Risk (Red)
1662,0.81,0.83,5,269,6,0,1,0,9,1,9,High-Risk (Red)
14780,0.25,0.46,4,214,4,0,1,0,9,1,9,High-Risk (Red)
12580,0.44,0.51,2,145,3,0,1,0,8,0,8,High-Risk (Red)
1655,0.09,0.9,6,256,4,0,1,0,8,0,8,High-Risk (Red)
12517,0.09,0.86,7,309,4,0,1,0,9,0,9,High-Risk (Red)
14791,0.44,0.51,2,145,3,0,1,0,8,0,8,High-Risk (Red)
3,0.72,0.87,5,223,5,0,1,0,7,0,7,High-Risk (Red)
14867,0.79,0.86,5,235,5,0,1,0,8,1,8,High-Risk (Red)
14521,0.1,0.93,7,305,4,0,1,0,9,1,9,High-Risk (Red)
12403,0.92,0.93,5,240,5,0,1,0,7,0,7,High-Risk (Red)
12459,0.4,0.48,2,137,3,0,1,0,7,1,7,High-Risk (Red)
12717,0.11,0.78,6,243,4,0,1,0,3,0,3,High-Risk (Red)
12608,0.45,0.49,2,134,3,0,1,0,1,1,1,High-Risk (Red)
12113,0.9,0.96,4,258,5,0,1,0,9,1,9,High-Risk (Red)
14862,0.09,0.88,6,269,4,0,1,0,9,1,9,High-Risk (Red)
970,0.38,0.46,2,147,3,0,1,0,8,0,8,High-Risk (Red)
1598,0.83,0.94,5,273,5,0,1,0,1,1,1,High-Risk (Red)
1984,0.4,0.49,2,160,3,0,1,0,5,0,5,High-Risk (Red)
388,0.45,0.5,2,157,3,0,1,0,5,1,5,High-Risk (Red)
315,0.73,0.86,4,245,6,0,1,0,7,0,7,High-Risk (Red)
12010,0.45,0.54,2,135,3,0,1,0,7,0,7,High-Risk (Red)
1328,0.1,0.96,7,301,4,0,1,0,3,0,3,High-Risk (Red)
12724,0.45,0.56,2,146,3,0,1,0,9,1,9,High-Risk (Red)
605,0.86,0.92,5,252,5,0,1,0,1,0,1,High-Risk (Red)
1368,0.41,0.52,2,132,3,0,1,0,1,0,1,High-Risk (Red)
1253,0.85,1.0,4,234,5,0,1,0,3,0,3,High-Risk (Red)
425,0.42,0.51,2,136,3,0,1,0,9,1,9,High-Risk (Red)
1111,0.44,0.46,2,149,3,0,1,0,9,0,9,High-Risk (Red)
14854,0.37,0.47,2,148,3,0,1,0,3,0,3,High-Risk (Red)
637,0.43,0.52,2,147,3,0,1,0,7,0,7,High-Risk (Red)
248,0.87,0.91,4,228,5,0,1,0,7,0,7,High-Risk (Red)
1807,0.11,0.94,7,280,5,0,1,0,8,0,8,High-Risk (Red)
696,0.1,0.81,7,291,4,0,1,0,7,2,7,High-Risk (Red)
1236,0.36,0.47,2,129,3,0,1,0,7,1,7,High-Risk (Red)
1516,0.4,0.5,2,127,3,0,1,0,0,0,0,High-Risk (Red)
14820,0.1,0.85,7,279,4,0,1,0,1,1,1,High-Risk (Red)
1011,0.43,0.47,2,149,3,0,1,0,7,1,7,High-Risk (Red)
1178,0.85,0.89,4,221,5,0,1,0,9,0,9,High-Risk (Red)
1799,0.38,0.5,2,145,3,0,1,0,9,0,9,High-Risk (Red)
12035,0.1,0.94,6,255,4,0,1,0,9,0,9,High-Risk (Red)
41,0.45,0.48,2,158,3,0,1,0,9,0,9,High-Risk (Red)
12002,0.11,0.88,7,272,4,0,1,0,7,1,7,High-Risk (Red)
12444,0.39,0.54,2,127,3,0,1,0,0,0,0,High-Risk (Red)
14723,0.09,0.96,6,259,4,0,1,0,8,0,8,High-Risk (Red)
12033,0.45,0.55,2,140,3,0,1,0,3,0,3,High-Risk (Red)
14285,0.11,0.97,6,277,4,0,1,0,6,1,6,High-Risk (Red)
14338,0.7,0.89,3,183,5,0,1,0,8,0,8,High-Risk (Red)
14617,0.73,0.99,5,241,5,0,1,0,7,0,7,High-Risk (Red)
170,0.81,0.99,4,259,5,0,1,0,7,0,7,High-Risk (Red)
217,0.9,0.98,5,245,5,0,1,0,0,0,0,High-Risk (Red)
12048,0.4,0.54,2,148,3,0,1,0,8,0,8,High-Risk (Red)
14658,0.1,0.84,5,298,4,0,1,0,0,0,0,High-Risk (Red)
14846,0.39,0.57,2,127,3,0,1,0,7,0,7,High-Risk (Red)
900,0.78,0.94,5,271,6,0,1,0,0,0,0,High-Risk (Red)
184,0.36,0.55,2,141,3,0,1,0,3,1,3,High-Risk (Red)
1688,0.41,0.48,2,155,3,0,1,0,5,0,5,High-Risk (Red)
1768,0.37,0.52,2,141,3,0,1,0,7,0,7,High-Risk (Red)
592,0.1,0.8,6,264,4,0,1,0,9,0,9,High-Risk (Red)
1617,0.76,0.98,4,237,5,0,1,0,7,0,7,High-Risk (Red)
14829,0.45,0.57,2,148,3,0,1,0,5,2,5,High-Risk (Red)
1114,0.11,0.86,6,279,4,0,1,0,8,1,8,High-Risk (Red)
538,0.87,1.0,5,261,5,1,1,0,9,1,9,High-Risk (Red)
14957,0.82,0.94,5,236,5,0,1,0,7,0,7,High-Risk (Red)
394,0.42,0.56,2,133,3,0,1,0,7,0,7,High-Risk (Red)
293,0.11,0.91,6,308,4,1,1,0,0,0,0,High-Risk (Red)
12514,0.83,0.96,5,275,5,0,1,0,8,0,8,High-Risk (Red)
14719,0.38,0.55,2,158,3,0,1,0,8,0,8,High-Risk (Red)
14228,0.78,0.99,4,255,6,0,1,0,7,0,7,High-Risk (Red)
14347,0.1,0.84,6,283,4,1,1,0,9,0,9,High-Risk (Red)
1740,0.37,0.53,2,140,3,0,1,0,4,1,4,High-Risk (Red)
14899,0.1,0.81,7,244,5,0,1,0,3,1,3,High-Risk (Red)
465,0.37,0.54,2,152,3,0,1,0,5,1,5,High-Risk (Red)
113,0.9,0.96,4,258,5,0,1,0,9,1,9,High-Risk (Red)
1748,0.89,0.96,4,219,6,0,1,0,6,1,6,High-Risk (Red)
12242,0.38,0.53,2,156,3,0,1,0,7,0,7,High-Risk (Red)
35,0.1,0.94,6,255,4,0,1,0,9,0,9,High-Risk (Red)
1372,0.88,0.88,4,265,5,0,1,0,1,0,1,High-Risk (Red)
14491,0.1,0.98,6,268,4,0,1,0,8,0,8,High-Risk (Red)
868,0.74,0.88,4,248,6,0,1,0,2,0,2,High-Risk (Red)
15,0.38,0.54,2,143,3,0,1,0,7,0,7,High-Risk (Red)
14693,0.77,0.87,4,242,6,0,1,0,7,0,7,High-Risk (Red)
12305,0.45,0.47,2,135,3,0,1,0,1,1,1,High-Risk (Red)
14687,0.11,0.87,5,271,4,0,1,0,7,0,7,High-Risk (Red)
1562,0.44,0.57,2,148,3,0,1,0,9,0,9,High-Risk (Red)
14445,0.48,0.57,4,270,4,0,1,0,9,0,9,High-Risk (Red)
1659,0.77,0.85,5,276,5,0,1,0,8,1,8,High-Risk (Red)
1370,0.74,0.99,5,263,5,0,1,0,1,0,1,High-Risk (Red)
12083,0.84,0.85,4,249,6,0,1,0,5,0,5,High-Risk (Red)
12673,0.37,0.46,2,149,3,0,1,0,0,0,0,High-Risk (Red)
12682,0.11,0.87,7,278,4,0,1,0,7,0,7,High-Risk (Red)
657,0.43,0.55,2,130,3,0,1,0,8,2,8,High-Risk (Red)
12211,0.39,0.5,4,294,3,0,1,0,9,0,9,High-Risk (Red)
14337,0.38,0.49,2,132,3,0,1,0,8,0,8,High-Risk (Red)
83,0.84,0.85,4,249,6,0,1,0,5,0,5,High-Risk (Red)
1026,0.46,0.53,2,129,3,0,1,0,9,0,9,High-Risk (Red)
12319,0.4,0.46,2,130,3,0,1,0,7,0,7,High-Risk (Red)
12454,0.09,0.97,7,254,4,1,1,0,1,1,1,High-Risk (Red)
1002,0.42,0.5,2,141,3,0,1,0,7,1,7,High-Risk (Red)
12438,0.77,0.9,4,237,5,0,1,0,8,0,8,High-Risk (Red)
850,0.37,0.47,2,151,3,0,1,0,7,1,7,High-Risk (Red)
535,0.37,0.56,2,156,3,0,1,0,7,1,7,High-Risk (Red)
1482,0.09,0.77,6,310,4,0,1,0,3,0,3,High-Risk (Red)
895,0.1,0.79,6,294,4,0,1,0,9,1,9,High-Risk (Red)
1983,0.43,0.48,2,136,3,0,1,0,1,2,1,High-Risk (Red)
14399,0.37,0.55,2,152,3,0,1,0,9,1,9,High-Risk (Red)
1483,0.11,0.87,6,254,4,0,1,0,3,0,3,High-Risk (Red)
12592,0.1,0.8,6,264,4,0,1,0,9,0,9,High-Risk (Red)
14992,0.4,0.48,2,155,3,0,1,0,8,0,8,High-Risk (Red)
12436,0.11,0.85,6,261,4,0,1,0,8,0,8,High-Risk (Red)
14705,0.84,1.0,5,218,5,0,1,0,9,1,9,High-Risk (Red)
1858,0.38,0.47,2,128,3,0,1,0,7,1,7,High-Risk (Red)
12736,0.81,0.91,4,229,5,0,1,0,8,0,8,High-Risk (Red)
247,0.46,0.49,2,148,3,0,1,0,7,0,7,High-Risk (Red)
46,0.4,0.55,2,147,3,0,1,0,8,0,8,High-Risk (Red)
511,0.53,0.85,2,164,5,0,1,0,8,0,8,High-Risk (Red)
12530,0.4,0.56,2,137,3,0,1,0,2,1,2,High-Risk (Red)
135,0.31,0.84,7,133,5,0,1,0,9,0,9,High-Risk (Red)
431,0.41,0.57,2,160,3,0,1,0,8,0,8,High-Risk (Red)
1043,0.77,1.0,4,249,6,0,1,0,8,1,8,High-Risk (Red)
1085,0.77,1.0,4,272,5,0,1,0,7,1,7,High-Risk (Red)
12568,0.44,0.51,2,134,3,0,1,0,3,1,3,High-Risk (Red)
1351,0.11,0.77,6,274,4,0,1,0,8,1,8,High-Risk (Red)
1488,0.1,0.96,7,288,4,0,1,0,9,0,9,High-Risk (Red)
274,0.11,0.9,6,254,4,0,1,0,9,0,9,High-Risk (Red)
200,0.9,0.82,5,259,5,0,1,0,8,0,8,High-Risk (Red)
7762,0.82,0.87,5,273,6,0,0,0,8,1,8,High-Risk (Red)
14244,0.45,0.55,2,140,3,0,1,0,3,0,3,High-Risk (Red)
12535,0.37,0.56,2,156,3,0,1,0,7,1,7,High-Risk (Red)
937,0.11,0.8,6,286,4,0,1,0,7,0,7,High-Risk (Red)
833,0.89,0.82,5,224,6,0,1,0,1,0,1,High-Risk (Red)
872,0.1,0.9,5,263,4,0,1,0,3,0,3,High-Risk (Red)
14641,0.89,0.65,5,195,6,0,1,0,8,0,8,High-Risk (Red)
1083,0.83,0.94,4,267,5,0,1,0,7,1,7,High-Risk (Red)
411,0.84,0.99,4,262,6,0,1,0,2,1,2,High-Risk (Red)
1197,0.79,0.96,5,218,5,0,1,0,8,1,8,High-Risk (Red)
12056,0.11,0.94,7,255,4,0,1,0,8,0,8,High-Risk (Red)
429,0.41,0.52,2,127,3,1,1,0,8,0,8,High-Risk (Red)
720,0.42,0.49,2,139,3,0,1,0,3,0,3,High-Risk (Red)
14951,0.39,0.54,2,154,3,0,1,0,5,0,5,High-Risk (Red)
1964,0.88,0.86,5,258,5,0,1,0,8,0,8,High-Risk (Red)
12285,0.4,0.56,2,148,3,0,1,0,8,0,8,High-Risk (Red)
14394,0.11,0.8,6,285,4,0,1,0,2,1,2,High-Risk (Red)
1326,0.1,0.77,6,272,4,0,1,0,2,0,2,High-Risk (Red)
12142,0.11,0.8,6,256,4,0,1,0,0,0,0,High-Risk (Red)
299,0.74,0.84,5,249,5,0,1,0,6,1,6,High-Risk (Red)
12648,0.45,0.54,2,129,3,0,1,0,9,1,9,High-Risk (Red)
14851,0.37,0.52,2,128,3,0,1,0,2,0,2,High-Risk (Red)
1190,0.11,0.89,6,264,4,0,1,0,8,0,8,High-Risk (Red)
12320,0.41,0.54,2,153,3,1,1,0,7,0,7,High-Risk (Red)
119,0.4,0.46,2,132,3,0,1,0,9,0,9,High-Risk (Red)
1723,0.11,0.87,6,280,4,0,1,0,9,0,9,High-Risk (Red)
14242,0.45,0.57,2,134,3,0,1,0,3,0,3,High-Risk (Red)
1634,0.39,0.48,2,127,3,0,1,0,2,1,2,High-Risk (Red)
14715,0.78,0.83,4,217,6,0,1,0,8,1,8,High-Risk (Red)
1430,0.43,0.52,2,156,3,0,1,0,8,1,8,High-Risk (Red)
14968,0.4,0.47,2,128,3,0,1,0,7,1,7,High-Risk (Red)
33,0.45,0.55,2,140,3,0,1,0,3,0,3,High-Risk (Red)
12483,0.42,0.54,2,143,3,1,1,0,7,0,7,High-Risk (Red)
1297,0.4,0.49,2,149,3,0,1,0,5,0,5,High-Risk (Red)
908,0.92,1.0,5,259,5,0,1,0,0,0,0,High-Risk (Red)
14496,0.4,0.56,2,148,3,0,1,0,8,0,8,High-Risk (Red)
111,0.09,0.85,6,289,4,0,1,0,3,2,3,High-Risk (Red)
1701,0.09,0.77,6,282,5,0,1,0,7,1,7,High-Risk (Red)
1783,0.43,0.53,2,136,3,0,1,0,7,1,7,High-Risk (Red)
978,0.39,0.56,2,156,3,0,1,0,0,0,0,High-Risk (Red)
1408,0.39,0.53,2,136,3,0,1,0,3,0,3,High-Risk (Red)
12767,0.44,0.54,2,127,3,0,1,0,4,1,4,High-Risk (Red)
396,0.46,0.57,2,139,3,0,1,0,7,0,7,High-Risk (Red)
1599,0.41,0.51,2,144,3,0,1,0,1,0,1,High-Risk (Red)
817,0.11,0.87,6,264,4,0,1,0,8,1,8,High-Risk (Red)
14325,0.84,1.0,5,234,5,0,1,0,9,1,9,High-Risk (Red)
611,0.39,0.53,2,127,3,0,1,0,7,1,7,High-Risk (Red)
1512,0.45,0.52,2,143,3,0,1,0,0,1,0,High-Risk (Red)
12119,0.4,0.46,2,132,3,0,1,0,9,0,9,High-Risk (Red)
14535,0.37,0.45,2,131,3,0,1,0,7,0,7,High-Risk (Red)
763,0.39,0.46,2,159,3,0,1,0,7,1,7,High-Risk (Red)
14983,0.72,0.84,5,257,5,0,1,0,9,1,9,High-Risk (Red)
1621,0.91,0.95,5,241,5,0,1,0,7,1,7,High-Risk (Red)
14917,0.4,0.48,2,142,3,0,1,0,8,0,8,High-Risk (Red)
14418,0.78,0.87,4,228,5,0,1,0,8,0,8,High-Risk (Red)
653,0.37,0.51,2,132,3,0,1,0,9,1,9,High-Risk (Red)
14949,0.42,0.57,2,147,3,1,1,0,4,0,4,High-Risk (Red)
479,0.11,0.96,7,277,5,0,1,0,7,0,7,High-Risk (Red)
103,0.09,0.94,7,267,4,0,1,0,7,1,7,High-Risk (Red)
1157,0.42,0.52,2,141,3,1,1,0,7,1,7,High-Risk (Red)
1383,0.43,0.46,2,145,3,0,1,0,7,0,7,High-Risk (Red)
14783,0.75,0.97,5,243,6,0,1,0,9,1,9,High-Risk (Red)
647,0.46,0.5,2,151,3,0,1,0,9,1,9,High-Risk (Red)
1457,0.1,0.81,6,248,4,0,1,0,5,0,5,High-Risk (Red)
543,0.89,0.92,5,237,5,0,1,0,7,1,7,High-Risk (Red)
12054,0.1,0.92,7,307,4,0,1,0,8,0,8,High-Risk (Red)
14424,0.45,0.46,2,153,3,0,1,0,4,0,4,High-Risk (Red)
1880,0.76,0.87,5,262,5,0,1,0,8,0,8,High-Risk (Red)
14647,0.11,0.85,6,261,4,0,1,0,8,0,8,High-Risk (Red)
333,0.45,0.52,2,145,3,0,1,0,7,1,7,High-Risk (Red)
714,0.4,0.51,2,144,3,0,1,0,2,0,2,High-Risk (Red)
14831,0.8,0.75,3,268,2,0,1,0,7,1,7,High-Risk (Red)
12665,0.75,0.85,5,267,5,0,1,0,8,0,8,High-Risk (Red)
14359,0.84,0.88,4,263,5,1,1,0,5,0,5,High-Risk (Red)
839,0.37,0.53,2,126,3,0,1,0,7,0,7,High-Risk (Red)
12287,0.11,0.79,6,292,4,0,1,1,9,0,9,High-Risk (Red)
744,0.39,0.52,2,134,3,0,1,0,9,0,9,High-Risk (Red)
1965,0.84,0.94,5,262,5,0,1,0,9,0,9,High-Risk (Red)
1142,0.88,1.0,5,226,6,0,1,0,5,0,5,High-Risk (Red)
14547,0.77,0.87,5,266,5,0,1,0,2,1,2,High-Risk (Red)
14254,0.1,0.8,7,281,4,0,1,0,9,0,9,High-Risk (Red)
530,0.4,0.56,2,137,3,0,1,0,2,1,2,High-Risk (Red)
14327,0.86,0.68,5,263,2,0,1,0,9,1,9,High-Risk (Red)
14884,0.78,0.86,5,274,5,0,1,0,7,0,7,High-Risk (Red)
12022,0.09,0.95,6,304,4,0,1,0,7,0,7,High-Risk (Red)
12466,0.37,0.48,2,134,3,0,1,0,5,1,5,High-Risk (Red)
12550,0.11,0.96,6,298,4,0,1,0,7,0,7,High-Risk (Red)
14933,0.1,0.94,7,264,4,0,1,0,0,1,0,High-Risk (Red)
14888,0.39,0.49,2,142,3,0,1,0,7,0,7,High-Risk (Red)
1183,0.11,0.77,6,264,4,0,1,0,9,0,9,High-Risk (Red)
621,0.1,0.86,6,247,4,0,1,0,7,1,7,High-Risk (Red)
14349,0.74,1.0,4,249,5,0,1,0,0,0,0,High-Risk (Red)
185,0.4,0.46,2,127,3,0,1,0,3,1,3,High-Risk (Red)
14814,0.83,0.9,5,245,5,0,1,0,6,0,6,High-Risk (Red)
12595,0.09,0.87,5,263,4,0,1,0,0,0,0,High-Risk (Red)
676,0.11,0.82,6,270,4,0,1,0,6,0,6,High-Risk (Red)
921,0.4,0.48,2,138,3,0,1,0,5,1,5,High-Risk (Red)
1182,0.91,0.9,4,245,5,0,1,0,9,0,9,High-Risk (Red)
6466,0.39,0.57,2,132,3,0,0,0,8,0,8,High-Risk (Red)
221,0.37,0.5,2,135,3,0,1,0,6,0,6,High-Risk (Red)
558,0.43,0.55,2,136,3,0,1,0,7,0,7,High-Risk (Red)
1327,0.42,0.47,2,157,3,0,1,0,2,0,2,High-Risk (Red)
12336,0.77,0.87,5,266,5,0,1,0,2,1,2,High-Risk (Red)
578,0.9,0.96,5,243,5,0,1,0,9,1,9,High-Risk (Red)
14958,0.42,0.52,2,134,3,0,1,0,7,0,7,High-Risk (Red)
12452,0.1,0.87,6,286,4,0,1,0,0,1,0,High-Risk (Red)
724,0.45,0.56,2,146,3,0,1,0,9,1,9,High-Risk (Red)
14631,0.09,0.96,6,268,4,0,1,0,9,1,9,High-Risk (Red)
12090,0.4,0.5,2,130,3,0,1,0,7,0,7,High-Risk (Red)
14751,0.45,0.54,2,129,3,0,1,0,5,2,5,High-Risk (Red)
1153,0.1,0.88,7,300,4,0,1,0,7,1,7,High-Risk (Red)
447,0.1,0.84,5,298,4,0,1,0,0,0,0,High-Risk (Red)
1791,0.09,0.92,7,245,4,0,1,0,9,1,9,High-Risk (Red)
944,0.11,0.85,7,272,4,0,1,0,2,0,2,High-Risk (Red)
875,0.11,0.94,6,277,5,0,1,0,9,0,9,High-Risk (Red)
1315,0.11,0.81,6,260,4,0,1,0,7,1,7,High-Risk (Red)
14396,0.4,0.46,2,127,3,0,1,0,3,1,3,High-Risk (Red)
14642,0.41,0.57,2,160,3,0,1,0,8,0,8,High-Risk (Red)
1626,0.1,0.87,6,265,5,0,1,0,7,1,7,High-Risk (Red)
1237,0.74,0.9,4,226,5,0,1,0,7,1,7,High-Risk (Red)
12359,0.09,0.91,6,275,4,0,1,0,8,0,8,High-Risk (Red)
1355,0.83,0.95,5,221,5,0,1,0,9,1,9,High-Risk (Red)
979,0.11,0.95,6,271,4,0,1,0,0,0,0,High-Risk (Red)
1097,0.38,0.48,2,134,3,0,1,0,3,0,3,High-Risk (Red)
1018,0.36,0.47,2,136,3,0,1,0,2,0,2,High-Risk (Red)
1705,0.1,0.91,6,255,4,0,1,0,7,1,7,High-Risk (Red)
1508,0.88,0.88,5,248,5,0,1,0,9,1,9,High-Risk (Red)
12478,0.76,0.83,5,227,5,0,1,0,7,0,7,High-Risk (Red)
1566,0.1,0.96,6,274,4,0,1,0,9,0,9,High-Risk (Red)
14566,0.41,0.57,2,136,3,0,1,0,8,0,8,High-Risk (Red)
14766,0.1,0.9,7,281,4,0,1,0,7,0,7,High-Risk (Red)
1602,0.43,0.53,2,157,3,0,1,0,1,0,1,High-Risk (Red)
321,0.82,0.84,5,244,5,0,1,0,7,0,7,High-Risk (Red)
14578,0.4,0.56,2,131,3,0,1,0,0,0,0,High-Risk (Red)
263,0.11,0.78,6,260,4,0,1,0,3,1,3,High-Risk (Red)
131,0.38,0.57,2,140,3,0,1,0,8,0,8,High-Risk (Red)
14527,0.43,0.47,2,135,3,0,1,0,7,0,7,High-Risk (Red)
1024,0.42,0.47,2,129,3,0,1,0,3,0,3,High-Risk (Red)
12270,0.44,0.51,2,127,3,0,1,0,9,1,9,High-Risk (Red)
14451,0.1,0.87,7,289,4,0,1,0,7,0,7,High-Risk (Red)
14765,0.43,0.53,2,150,3,0,1,0,7,0,7,High-Risk (Red)
110,0.43,0.47,2,144,3,0,1,0,3,1,3,High-Risk (Red)
14265,0.1,0.92,7,307,4,0,1,0,8,0,8,High-Risk (Red)
967,0.85,0.92,4,275,5,0,1,0,8,1,8,High-Risk (Red)
12630,0.1,0.9,7,286,4,0,1,0,7,0,7,High-Risk (Red)
12187,0.4,0.46,2,143,3,0,1,0,3,1,3,High-Risk (Red)
95,0.37,0.51,2,155,3,0,1,0,7,0,7,High-Risk (Red)
12300,0.45,0.55,2,151,3,0,1,0,0,1,0,High-Risk (Red)
219,0.89,0.87,5,225,5,0,1,0,6,0,6,High-Risk (Red)
59,0.85,1.0,4,225,5,0,1,0,9,0,9,High-Risk (Red)
461,0.43,0.5,2,137,3,0,1,0,8,1,8,High-Risk (Red)
398,0.87,0.83,4,265,6,0,1,0,7,0,7,High-Risk (Red)
330,0.38,0.57,2,140,3,0,1,0,7,0,7,High-Risk (Red)
1786,0.43,0.53,2,143,3,0,1,0,2,1,2,High-Risk (Red)
812,0.38,0.49,2,127,3,0,1,0,8,1,8,High-Risk (Red)
1978,0.44,0.56,2,156,3,0,1,0,0,1,0,High-Risk (Red)
613,0.81,0.97,5,243,5,0,1,0,8,1,8,High-Risk (Red)
14557,0.81,1.0,4,253,5,0,1,0,9,0,9,High-Risk (Red)
14822,0.39,0.53,2,127,3,0,1,0,7,1,7,High-Risk (Red)
12762,0.41,0.47,2,131,3,0,1,0,5,1,5,High-Risk (Red)
12272,0.81,0.93,5,270,5,0,1,0,9,1,9,High-Risk (Red)
335,0.45,0.47,2,151,3,0,1,0,2,1,2,High-Risk (Red)
14748,0.45,0.45,2,154,3,1,1,0,8,1,8,High-Risk (Red)
1731,0.41,0.56,2,133,3,0,1,0,8,0,8,High-Risk (Red)
12288,0.82,0.91,5,232,5,0,1,0,9,0,9,High-Risk (Red)
14437,0.37,0.46,2,158,3,0,1,0,3,0,3,High-Risk (Red)
1166,0.42,0.54,2,135,3,0,1,0,7,1,7,High-Risk (Red)
1451,0.78,0.86,5,260,6,0,1,0,5,0,5,High-Risk (Red)
12358,0.31,0.62,6,135,5,0,1,0,8,0,8,High-Risk (Red)
12399,0.1,0.87,6,250,4,0,1,0,7,0,7,High-Risk (Red)
1943,0.09,0.93,6,296,4,0,1,0,9,1,9,High-Risk (Red)
14853,0.73,0.97,5,235,5,0,1,0,3,0,3,High-Risk (Red)
1347,0.1,0.96,6,292,4,0,1,0,8,1,8,High-Risk (Red)
1208,0.1,0.79,7,284,4,0,1,0,0,1,0,High-Risk (Red)
424,0.45,0.46,2,130,3,0,1,0,9,0,9,High-Risk (Red)
554,0.43,0.53,2,150,3,0,1,0,7,0,7,High-Risk (Red)
1954,0.89,0.88,5,228,5,1,1,0,8,0,8,High-Risk (Red)
1511,0.4,0.46,2,156,3,0,1,0,4,1,4,High-Risk (Red)
12138,0.74,1.0,4,249,5,0,1,0,0,0,0,High-Risk (Red)
14431,0.1,0.84,6,286,4,0,1,0,6,0,6,High-Risk (Red)
573,0.36,0.47,2,148,3,0,1,0,9,1,9,High-Risk (Red)
14938,0.9,0.92,4,271,5,0,1,0,0,1,0,High-Risk (Red)
12355,0.41,0.57,2,136,3,0,1,0,8,0,8,High-Risk (Red)
1583,0.73,0.91,4,247,5,0,1,0,8,1,8,High-Risk (Red)
68,0.76,0.86,5,223,5,1,1,0,6,1,6,High-Risk (Red)
1595,0.4,0.53,2,152,3,0,1,0,6,1,6,High-Risk (Red)
245,0.45,0.46,2,155,3,0,1,0,7,0,7,High-Risk (Red)
673,0.37,0.46,2,149,3,0,1,0,0,0,0,High-Risk (Red)
12480,0.37,0.49,2,151,3,0,1,0,7,0,7,High-Risk (Red)
12068,0.76,0.86,5,223,5,1,1,0,6,1,6,High-Risk (Red)
12313,0.41,0.49,2,130,3,0,1,0,5,0,5,High-Risk (Red)
14810,0.11,0.92,7,307,4,0,1,0,0,0,0,High-Risk (Red)
12597,0.11,0.9,6,263,4,0,1,0,0,0,0,High-Risk (Red)
1413,0.83,0.98,4,254,5,0,1,0,9,0,9,High-Risk (Red)
114,0.84,1.0,5,234,5,0,1,0,9,1,9,High-Risk (Red)
14481,0.44,0.51,2,127,3,0,1,0,9,1,9,High-Risk (Red)
230,0.42,0.47,2,159,3,0,1,0,5,0,5,High-Risk (Red)
1520,0.38,0.53,2,136,3,0,1,0,6,1,6,High-Risk (Red)
214,0.4,0.53,2,151,3,0,1,0,0,0,0,High-Risk (Red)
12554,0.43,0.53,2,150,3,0,1,0,7,0,7,High-Risk (Red)
14391,0.4,0.47,2,146,3,0,1,0,7,1,7,High-Risk (Red)
14809,0.37,0.46,2,157,3,0,1,0,0,0,0,High-Risk (Red)
12129,0.37,0.45,2,151,3,0,1,0,8,0,8,High-Risk (Red)
12000,0.38,0.53,2,157,3,0,1,0,7,0,7,High-Risk (Red)
12357,0.37,0.54,2,149,3,0,1,0,8,0,8,High-Risk (Red)
483,0.42,0.54,2,143,3,1,1,0,7,0,7,High-Risk (Red)
12196,0.27,0.54,7,278,3,0,1,0,9,0,9,High-Risk (Red)
12422,0.86,1.0,5,257,5,0,1,0,9,1,9,High-Risk (Red)
14932,0.39,0.49,2,127,3,0,1,0,0,1,0,High-Risk (Red)
1414,0.39,0.47,2,131,3,0,1,0,9,0,9,High-Risk (Red)
668,0.1,0.92,6,258,4,0,1,0,9,0,9,High-Risk (Red)
303,0.37,0.55,2,127,3,0,1,0,1,1,1,High-Risk (Red)
1042,0.81,0.94,5,233,6,0,1,0,8,1,8,High-Risk (Red)
1068,0.74,1.0,5,223,5,0,1,0,2,0,2,High-Risk (Red)
14915,0.43,0.54,2,142,3,0,1,0,8,0,8,High-Risk (Red)
12581,0.81,0.88,5,242,5,0,1,0,8,1,8,High-Risk (Red)
553,0.79,1.0,5,257,6,0,1,0,7,0,7,High-Risk (Red)
12174,0.7,0.53,2,274,4,0,1,0,7,0,7,High-Risk (Red)
420,0.09,0.96,6,268,4,0,1,0,9,1,9,High-Risk (Red)
1496,0.1,0.85,7,259,4,0,1,0,9,0,9,High-Risk (Red)
1047,0.37,0.49,2,151,3,0,1,0,9,2,9,High-Risk (Red)
856,0.1,0.85,6,273,4,0,1,0,7,1,7,High-Risk (Red)
14346,0.31,0.84,7,133,5,0,1,0,9,0,9,High-Risk (Red)
